{
  "AP_50_95": 0.6632534857164443,
  "AP_50": 0.9537174784574316,
  "AP_75": 0.7200321758949878,
  "AP_small": 0.023631840553767516,
  "AP_medium": 0.5266422244595391,
  "AP_large": 0.34325805775683704,
  "AR_1_all": 0.030652399033482915,
  "AR_10_all": 0.287849499482223,
  "AR_100_all": 0.704314808422506,
  "AR_100_small": 0.5014373716632443,
  "AR_100_medium": 0.7085315295657867,
  "AR_100_large": 0.8160220994475138,
  "iou_list": [
    0.5,
    0.55,
    0.6,
    0.65,
    0.7,
    0.75,
    0.8,
    0.85,
    0.9,
    0.95
  ]
}