{
  "AP_main": {
    "AP_50_95": 0.7770999828377436,
    "AP_50": 0.9753051714585266,
    "AP_75": 0.874797209977364
  },
  "AP_by_IoU": {
    "IoUs": [
      0.5,
      0.55,
      0.6,
      0.65,
      0.7,
      0.75,
      0.8,
      0.85,
      0.9,
      0.95
    ],
    "AP_all": [
      0.9753051714585266,
      0.9713671230797787,
      0.9635408012109611,
      0.9476937583800146,
      0.919911339606234,
      0.874797209977364,
      0.80389836955554,
      0.6951811210064063,
      0.4828027191434969,
      0.13650221495911447
    ],
    "AP_small": [
      0.07768808489496845,
      0.07659732188179447,
      0.07278311995493855,
      0.06807597126057544,
      0.058012237571819,
      0.04746090973304579,
      0.037229639107385824,
      0.026387845951461437,
      0.0149012318607001,
      0.0014507996548579476
    ],
    "AP_medium": [
      0.7818608998262391,
      0.7784039187570805,
      0.7724787170338998,
      0.758603060525788,
      0.7377771639971664,
      0.7016751190477037,
      0.6432522888196514,
      0.5555180414105046,
      0.38370568653352943,
      0.10983191703071737
    ],
    "AP_large": [
      0.17602676577529136,
      0.17539163667441923,
      0.17539163667441923,
      0.17532572169210886,
      0.17378279670082247,
      0.17042797655429615,
      0.16413731725939334,
      0.15223047199621886,
      0.11570375158979773,
      0.04078805381419168
    ]
  },
  "AR_by_IoU_and_maxDets": {
    "IoUs": [
      0.5,
      0.55,
      0.6,
      0.65,
      0.7,
      0.75,
      0.8,
      0.85,
      0.9,
      0.95
    ],
    "AR@1_all": [
      0.03279254401104591,
      0.03279254401104591,
      0.03279254401104591,
      0.03279254401104591,
      0.03279254401104591,
      0.03279254401104591,
      0.032274767000345185,
      0.0319295823265447,
      0.02968588194684156,
      0.020883672764929237
    ],
    "AR@10_all": [
      0.32775284777355884,
      0.3275802554366586,
      0.3275802554366586,
      0.32688988608905767,
      0.3258543320676562,
      0.3241284086986538,
      0.3187780462547463,
      0.30824991370383154,
      0.2682084915429755,
      0.15274421815671385
    ],
    "AR@100_all": [
      0.9765274421815672,
      0.9730755954435623,
      0.9656541249568519,
      0.9515015533310321,
      0.9264756644804971,
      0.887124611667242,
      0.8287884017949603,
      0.7416292716603383,
      0.5809458060062134,
      0.27856403175699
    ],
    "AR@100_S": [
      0.9301848049281314,
      0.9219712525667351,
      0.8952772073921971,
      0.8624229979466119,
      0.784394250513347,
      0.6960985626283368,
      0.5954825462012321,
      0.47433264887063653,
      0.3347022587268994,
      0.10677618069815195
    ],
    "AR@100_M": [
      0.9786166266637574,
      0.9753436613571896,
      0.968361335369845,
      0.9537420903338425,
      0.9321405193104954,
      0.894392319441414,
      0.8363517346716125,
      0.7468906829587606,
      0.582369626881955,
      0.27885664411957234
    ],
    "AR@100_L": [
      1.0,
      0.9972375690607734,
      0.9972375690607734,
      0.9972375690607734,
      0.9861878453038674,
      0.9696132596685083,
      0.9378453038674033,
      0.888121546961326,
      0.7375690607734806,
      0.39226519337016574
    ]
  },
  "cfg_refs": {
    "detector": "fasterrcnn_r101_fpn_v7",
    "min_size": 1280,
    "max_size": 1280,
    "box_score_thresh": 0.4,
    "box_nms_thresh": 0.5,
    "max_dets_eval": 300,
    "rpn_anchor_sizes": null,
    "rpn_anchor_ratios": [
      0.5,
      1.0,
      1.5
    ],
    "retinanet_anchor_sizes": null,
    "retinanet_anchor_aspect_ratios": null
  }
}