{
  "AP_50_95": 0.6723360770919575,
  "AP_50": 0.9599244129757041,
  "AP_75": 0.7402575276235643,
  "AP_small": 0.025579691634187017,
  "AP_medium": 0.5450664055303335,
  "AP_large": 0.1914656139344991,
  "AR_1_all": 0.031135657576803595,
  "AR_10_all": 0.28512254055919917,
  "AR_100_all": 0.7147393855712806,
  "AR_100_small": 0.5238193018480493,
  "AR_100_medium": 0.7211869954178487,
  "AR_100_large": 0.8035911602209944,
  "iou_list": [
    0.5,
    0.55,
    0.6,
    0.65,
    0.7,
    0.75,
    0.8,
    0.85,
    0.9,
    0.95
  ]
}