{
  "AP_50_95": 0.5807084483792179,
  "AP_50": 0.9254280217970603,
  "AP_75": 0.5974903284841031,
  "AP_small": 0.0173615027229275,
  "AP_medium": 0.48347387884593324,
  "AP_large": 0.18569990007643306,
  "AR_1_all": 0.030721435968243012,
  "AR_10_all": 0.26629271660338283,
  "AR_100_all": 0.6405764584052468,
  "AR_100_small": 0.45092402464065706,
  "AR_100_medium": 0.6476325550949159,
  "AR_100_large": 0.7241712707182321,
  "iou_list": [
    0.5,
    0.55,
    0.6,
    0.65,
    0.7,
    0.75,
    0.8,
    0.85,
    0.9,
    0.95
  ]
}