{
  "AP@IoU=0.50": 0.4809474230592812,
  "AP@IoU=0.55": 0.4044881259471389,
  "AP@IoU=0.60": 0.33211627243156894,
  "AP@IoU=0.65": 0.2529108277173189,
  "AP@IoU=0.70": 0.16539300188723993,
  "AP@IoU=0.75": 0.09950556897506795,
  "AP@IoU=0.80": 0.04633038537298936,
  "AP@IoU=0.85": 0.007682767517135718,
  "AP@IoU=0.90": 0.0008947676402704075,
  "AP@IoU=0.95": 3.1376630658766975e-05,
  "mAP@[0.50:0.95]": 0.179030051717867,
  "num_images_eval": 190,
  "num_gt_total": 5794,
  "split": "val"
}