{
  "AP_main": {
    "AP_50_95": 0.5784966839366552,
    "AP_50": 0.8968879058660592,
    "AP_75": 0.619768711646602
  },
  "AP_by_IoU": {
    "IoUs": [
      0.5,
      0.55,
      0.6,
      0.65,
      0.7,
      0.75,
      0.8,
      0.85,
      0.9,
      0.95
    ],
    "AP_all": [
      0.8968879058660592,
      0.8781346640668211,
      0.8499458189344686,
      0.8061064419547198,
      0.7256939080548691,
      0.619768711646602,
      0.49524753336334476,
      0.3439530892403337,
      0.1537408082725126,
      0.015487957966820603
    ],
    "AP_small": [
      0.03440187006871015,
      0.02980935343899626,
      0.02567064843384738,
      0.018598965974144996,
      0.013331675445556693,
      0.007028017211561663,
      0.0033880864878641104,
      0.0008770230852194293,
      6.786995797785669e-05,
      3.947305056418831e-07
    ],
    "AP_medium": [
      0.7189147341214759,
      0.7032054796002105,
      0.67768082629831,
      0.6403944544371268,
      0.5685792346591065,
      0.4797068958833404,
      0.368036663805164,
      0.2451050937277179,
      0.09673023737021796,
      0.004583915586794236
    ],
    "AP_large": [
      0.4511775455365683,
      0.4507931863579082,
      0.4482752068469238,
      0.4457625132975052,
      0.4341882357482005,
      0.41208822447778953,
      0.38726506092967417,
      0.3373831827712953,
      0.22886931165572877,
      0.059791575647063694
    ]
  },
  "AR_by_IoU_and_maxDets": {
    "IoUs": [
      0.5,
      0.55,
      0.6,
      0.65,
      0.7,
      0.75,
      0.8,
      0.85,
      0.9,
      0.95
    ],
    "AR@1_all": [
      0.03279254401104591,
      0.03279254401104591,
      0.03279254401104591,
      0.03279254401104591,
      0.03279254401104591,
      0.03261995167414567,
      0.03175698998964446,
      0.0298584742837418,
      0.02312737314463238,
      0.011218501898515705
    ],
    "AR@10_all": [
      0.32430100103555404,
      0.3241284086986538,
      0.3229202623403521,
      0.32188470831895066,
      0.31653434587504314,
      0.3054884363134277,
      0.28425957887469794,
      0.24559889540904384,
      0.1653434587504315,
      0.044183638246461855
    ],
    "AR@100_all": [
      0.9433897134967207,
      0.9256127027959958,
      0.9007594062823611,
      0.8591646530894028,
      0.7851225405591992,
      0.6869175008629617,
      0.5723161891612012,
      0.44011045909561614,
      0.25768035899206077,
      0.060925094925785295
    ],
    "AR@100_S": [
      0.7946611909650924,
      0.7227926078028748,
      0.6591375770020534,
      0.5462012320328542,
      0.4455852156057495,
      0.3203285420944558,
      0.2135523613963039,
      0.10472279260780287,
      0.028747433264887063,
      0.002053388090349076
    ],
    "AR@100_M": [
      0.9511237180885883,
      0.9367226707396902,
      0.9133755182195069,
      0.8747545276020074,
      0.797294348679904,
      0.6973598079860354,
      0.5764782893301331,
      0.44294130482216887,
      0.25681867772201616,
      0.05302203796639755
    ],
    "AR@100_L": [
      0.9972375690607734,
      0.9958563535911602,
      0.9861878453038674,
      0.9723756906077348,
      0.9378453038674033,
      0.8674033149171271,
      0.787292817679558,
      0.6477900552486188,
      0.4171270718232044,
      0.1505524861878453
    ]
  },
  "cfg_refs": {
    "rpn_anchor_sizes": [
      [
        16
      ],
      [
        32
      ],
      [
        64
      ],
      [
        128
      ],
      [
        512
      ]
    ],
    "rpn_anchor_ratios": [
      0.33,
      0.5,
      1.0,
      2.0,
      3.0
    ],
    "min_size": 1280,
    "max_size": 1280,
    "box_score_thresh": 0.02,
    "box_nms_thresh": 0.6,
    "max_dets_eval": 300
  }
}