{
  "AP_50_95": 0.5468144406348548,
  "AP_50": 0.9043164497489331,
  "AP_75": 0.5554820546003418,
  "AP_small": 0.013054492116559641,
  "AP_medium": 0.435720613988018,
  "AP_large": 0.24415310602562162,
  "AR_1_all": 0.03030721435968243,
  "AR_10_all": 0.2609250949257853,
  "AR_100_all": 0.6093890231273731,
  "AR_100_small": 0.39301848049281324,
  "AR_100_medium": 0.6131573205324024,
  "AR_100_large": 0.7350828729281769,
  "iou_list": [
    0.5,
    0.55,
    0.6,
    0.65,
    0.7,
    0.75,
    0.8,
    0.85,
    0.9,
    0.95
  ]
}