{
  "AP_main": {
    "AP_50_95": 0.6901022764808815,
    "AP_50": 0.972852853851051,
    "AP_75": 0.780263999302497
  },
  "AP_by_IoU": {
    "IoUs": [
      0.5,
      0.55,
      0.6,
      0.65,
      0.7,
      0.75,
      0.8,
      0.85,
      0.9,
      0.95
    ],
    "AP_all": [
      0.972852853851051,
      0.9608123671916169,
      0.9373798269434045,
      0.9040458925845409,
      0.8513734907186808,
      0.780263999302497,
      0.6653283404942965,
      0.4909493641612513,
      0.28450809208052097,
      0.05350853748095599
    ],
    "AP_small": [
      0.0640885773106658,
      0.06058200527559952,
      0.05053866993138763,
      0.045063314341910354,
      0.03743542540213113,
      0.02711672042116254,
      0.016463120503409825,
      0.0070373358872244446,
      0.001513584312101827,
      8.027355708281144e-05
    ],
    "AP_medium": [
      0.8267234349296625,
      0.8170479139728705,
      0.7998848265127988,
      0.772103268025972,
      0.7273435642091001,
      0.6679592930562741,
      0.5730674008240546,
      0.4235348170341293,
      0.2462722712199698,
      0.0463251055371013
    ],
    "AP_large": [
      0.17580626387595708,
      0.17402949050460978,
      0.17355881108015853,
      0.17215345087063338,
      0.16889265091095867,
      0.1650754333836543,
      0.15031092407379826,
      0.12483731560019257,
      0.0880134045258017,
      0.025218993039357623
    ]
  },
  "AR_by_IoU_and_maxDets": {
    "IoUs": [
      0.5,
      0.55,
      0.6,
      0.65,
      0.7,
      0.75,
      0.8,
      0.85,
      0.9,
      0.95
    ],
    "AR@1_all": [
      0.03279254401104591,
      0.03279254401104591,
      0.03279254401104591,
      0.03279254401104591,
      0.03279254401104591,
      0.03279254401104591,
      0.03279254401104591,
      0.03244735933724543,
      0.03089402830514325,
      0.017431826026924405
    ],
    "AR@10_all": [
      0.3267172937521574,
      0.3263721090783569,
      0.3263721090783569,
      0.32602692440455644,
      0.3241284086986538,
      0.32153952364515015,
      0.30980324473593374,
      0.28425957887469794,
      0.22695892302381773,
      0.09509837763203313
    ],
    "AR@100_all": [
      0.9773904038660683,
      0.9668622713151536,
      0.9461511908871246,
      0.916465308940283,
      0.8709009319986193,
      0.8087676907145323,
      0.7110804280289955,
      0.5619606489471868,
      0.3748705557473248,
      0.14031756989989644
    ],
    "AR@100_S": [
      0.9117043121149897,
      0.8850102669404517,
      0.811088295687885,
      0.757700205338809,
      0.6858316221765913,
      0.5790554414784395,
      0.4455852156057495,
      0.28336755646817247,
      0.12525667351129363,
      0.026694045174537988
    ],
    "AR@100_M": [
      0.9816713942832206,
      0.9718524983635174,
      0.953523892646738,
      0.9234126118263146,
      0.87584551603753,
      0.8116953960288021,
      0.711979053022038,
      0.5559677067423086,
      0.36133536984507963,
      0.12502727471088806
    ],
    "AR@100_L": [
      1.0,
      0.994475138121547,
      0.9917127071823204,
      0.9820441988950276,
      0.9640883977900553,
      0.9447513812154696,
      0.8839779005524862,
      0.787292817679558,
      0.6284530386740331,
      0.31353591160220995
    ]
  },
  "cfg_refs": {
    "detector": "fasterrcnn_r101_fpn_v7",
    "min_size": 1536,
    "max_size": 1536,
    "box_score_thresh": 0.4,
    "box_nms_thresh": 0.5,
    "max_dets_eval": 300,
    "rpn_anchor_sizes": null,
    "rpn_anchor_ratios": [
      0.5,
      1.0,
      1.5
    ],
    "retinanet_anchor_sizes": null,
    "retinanet_anchor_aspect_ratios": null
  }
}