{
  "AP_main": {
    "AP_50_95": 0.7432150740959965,
    "AP_50": 0.9734641058369243,
    "AP_75": 0.8361357500420417
  },
  "AP_by_IoU": {
    "IoUs": [
      0.5,
      0.55,
      0.6,
      0.65,
      0.7,
      0.75,
      0.8,
      0.85,
      0.9,
      0.95
    ],
    "AP_all": [
      0.9734641058369243,
      0.9654338704380475,
      0.9542915989810374,
      0.9290031079412202,
      0.8956892457383117,
      0.8361357500420417,
      0.7473644289941117,
      0.6082040314431858,
      0.41038239903644036,
      0.11218220250864404
    ],
    "AP_small": [
      0.0747393114534953,
      0.07115162584846424,
      0.06748857433474642,
      0.06154305114704702,
      0.05377264552238493,
      0.04436563536125954,
      0.03224362161076977,
      0.016655352651635626,
      0.006335687951834017,
      0.000662741233932605
    ],
    "AP_medium": [
      0.7719400665778515,
      0.7663252020882654,
      0.7557797827985792,
      0.7301321205252949,
      0.7007027243801368,
      0.6496545080722589,
      0.5788753486364523,
      0.46795021137671067,
      0.3099702112671693,
      0.08928629823986481
    ],
    "AP_large": [
      0.21957004496795615,
      0.21689473868210699,
      0.2163284561592353,
      0.21593077455770354,
      0.2146750706213644,
      0.21199147734965856,
      0.20453356963478664,
      0.19130611956640095,
      0.15353664948857101,
      0.044098709367975414
    ]
  },
  "AR_by_IoU_and_maxDets": {
    "IoUs": [
      0.5,
      0.55,
      0.6,
      0.65,
      0.7,
      0.75,
      0.8,
      0.85,
      0.9,
      0.95
    ],
    "AR@1_all": [
      0.03244735933724543,
      0.03244735933724543,
      0.03244735933724543,
      0.03244735933724543,
      0.032274767000345185,
      0.03210217466344494,
      0.03158439765274422,
      0.03089402830514325,
      0.02865032792544011,
      0.015360717984121504
    ],
    "AR@10_all": [
      0.3267172937521574,
      0.3258543320676562,
      0.32533655505695547,
      0.3239558163617535,
      0.32326544701415255,
      0.3205039696237487,
      0.3144632378322402,
      0.30082844321712116,
      0.26717293752157406,
      0.1505005177770107
    ],
    "AR@100_all": [
      0.9770452191922678,
      0.9706593027269589,
      0.9618570935450466,
      0.9416637901277183,
      0.9131860545391784,
      0.8634794615119089,
      0.7894373489817053,
      0.6744908526061443,
      0.5032792544011045,
      0.227131515360718
    ],
    "AR@100_S": [
      0.9507186858316222,
      0.9240246406570842,
      0.8993839835728953,
      0.8542094455852156,
      0.7967145790554415,
      0.7145790554414785,
      0.5934291581108829,
      0.4106776180698152,
      0.2464065708418891,
      0.07597535934291581
    ],
    "AR@100_M": [
      0.9770892428540258,
      0.9727252891119355,
      0.9648701723761728,
      0.9437049967270347,
      0.915121099716343,
      0.8638446432467816,
      0.7887846388828278,
      0.672267073969016,
      0.4933449705433122,
      0.22147065241108443
    ],
    "AR@100_L": [
      1.0,
      0.9930939226519337,
      0.988950276243094,
      0.9875690607734806,
      0.9792817679558011,
      0.9613259668508287,
      0.925414364640884,
      0.8660220994475138,
      0.738950276243094,
      0.36464088397790057
    ]
  },
  "cfg_refs": {
    "detector": "fasterrcnn_r101_fpn_v7",
    "min_size": 1024,
    "max_size": 1024,
    "box_score_thresh": 0.4,
    "box_nms_thresh": 0.5,
    "max_dets_eval": 300,
    "rpn_anchor_sizes": null,
    "rpn_anchor_ratios": [
      0.5,
      1.0,
      2.0
    ],
    "retinanet_anchor_sizes": null,
    "retinanet_anchor_aspect_ratios": null
  }
}