{
  "AP_main": {
    "AP_50_95": 0.6749405565018705,
    "AP_50": 0.9728885979247938,
    "AP_75": 0.7590438762123565
  },
  "AP_by_IoU": {
    "IoUs": [
      0.5,
      0.55,
      0.6,
      0.65,
      0.7,
      0.75,
      0.8,
      0.85,
      0.9,
      0.95
    ],
    "AP_all": [
      0.9728885979247938,
      0.9585920276899788,
      0.9398550711121239,
      0.9023538635086579,
      0.8470631887826856,
      0.7590438762123565,
      0.643411849553325,
      0.45928521981354176,
      0.2455721941993813,
      0.02133967622186088
    ],
    "AP_small": [
      0.07037766557583336,
      0.06563530217381537,
      0.05858608903059942,
      0.05076133752525443,
      0.03978700756762475,
      0.02993296317674357,
      0.01934868310567904,
      0.01043586098072141,
      0.005482039654889542,
      0.0002595244140633986
    ],
    "AP_medium": [
      0.7817960268242545,
      0.7712377817143361,
      0.7569644683739798,
      0.7260762225841808,
      0.6827861476741065,
      0.6106927669325781,
      0.5169793251072847,
      0.3651293414495283,
      0.19437878666320774,
      0.02246575773653411
    ],
    "AP_large": [
      0.18598612979383106,
      0.18428486300078967,
      0.18279908369002396,
      0.1815547886422785,
      0.17735587267493766,
      0.16881247954123785,
      0.1565459131171308,
      0.12750946729708465,
      0.06962880573474411,
      0.0025727079719678673
    ]
  },
  "AR_by_IoU_and_maxDets": {
    "IoUs": [
      0.5,
      0.55,
      0.6,
      0.65,
      0.7,
      0.75,
      0.8,
      0.85,
      0.9,
      0.95
    ],
    "AR@1_all": [
      0.03244735933724543,
      0.03244735933724543,
      0.03244735933724543,
      0.03244735933724543,
      0.03244735933724543,
      0.032274767000345185,
      0.03141180531584398,
      0.029340697273041078,
      0.019848118743527786,
      0.005868139454608215
    ],
    "AR@10_all": [
      0.32688988608905767,
      0.32602692440455644,
      0.32447359337245424,
      0.3224024853296514,
      0.31826026924404555,
      0.3104936140835347,
      0.3004832585433207,
      0.26855367621677595,
      0.21073524335519503,
      0.0638591646530894
    ],
    "AR@100_all": [
      0.979288919571971,
      0.9684156023472558,
      0.953572661373835,
      0.9231964100793925,
      0.8778046254746289,
      0.8091128753883328,
      0.7150500517777011,
      0.5683465654124957,
      0.3752157404211253,
      0.09009319986192613
    ],
    "AR@100_S": [
      0.9383983572895277,
      0.9075975359342916,
      0.8562628336755647,
      0.7926078028747433,
      0.6899383983572895,
      0.5852156057494866,
      0.459958932238193,
      0.33059548254620125,
      0.21560574948665298,
      0.043121149897330596
    ],
    "AR@100_M": [
      0.9818895919703251,
      0.9725070914248309,
      0.9591970325114554,
      0.928649356316823,
      0.8847916212088152,
      0.8156229543966834,
      0.718743181322278,
      0.5627318350425485,
      0.36635391664848355,
      0.10146192450360027
    ],
    "AR@100_L": [
      1.0,
      0.9917127071823204,
      0.9848066298342542,
      0.9765193370165746,
      0.9599447513812155,
      0.9185082872928176,
      0.8632596685082873,
      0.7638121546961326,
      0.5386740331491713,
      0.049723756906077346
    ]
  },
  "cfg_refs": {
    "detector": "fasterrcnn_r101_fpn_v7",
    "min_size": 1024,
    "max_size": 1024,
    "box_score_thresh": 0.3,
    "box_nms_thresh": 0.5,
    "max_dets_eval": 300,
    "rpn_anchor_sizes": null,
    "rpn_anchor_ratios": [
      0.5,
      1.0,
      2.0
    ],
    "retinanet_anchor_sizes": null,
    "retinanet_anchor_aspect_ratios": null
  }
}