{
  "AP_50_95": 0.7194102469534568,
  "AP_50": 0.9733810992066756,
  "AP_75": 0.7918715288528926,
  "AP_small": 0.032057165750821,
  "AP_medium": 0.5778983308063682,
  "AP_large": 0.26022989414188125,
  "AR_1_all": 0.03205039696237487,
  "AR_10_all": 0.295046599930963,
  "AR_100_all": 0.7546427338626166,
  "AR_100_small": 0.5698151950718686,
  "AR_100_medium": 0.7619245036002618,
  "AR_100_large": 0.8337016574585634,
  "iou_list": [
    0.5,
    0.55,
    0.6,
    0.65,
    0.7,
    0.75,
    0.8,
    0.85,
    0.9,
    0.95
  ],
  "max_dets_eval": 100
}