{
  "AP_main": {
    "AP_50_95": 0.27090024690721,
    "AP_50": 0.5738457586933665,
    "AP_75": 0.21471644310458626
  },
  "AP_by_IoU": {
    "IoUs": [
      0.5,
      0.55,
      0.6,
      0.65,
      0.7,
      0.75,
      0.8,
      0.85,
      0.9,
      0.95
    ],
    "AP_all": [
      0.5738457586933665,
      0.49964999725975073,
      0.4255007897016274,
      0.35314849714053864,
      0.2808527538985288,
      0.21471644310458626,
      0.16131318912121223,
      0.11681560964161458,
      0.06908652465422684,
      0.014072905856647663
    ],
    "AP_small": [
      0.009335607849173111,
      0.007840802554654618,
      0.0062571291076084,
      0.00499488898280326,
      0.0036389556786221664,
      0.0015366241836627865,
      0.000684907015110271,
      0.0003597335699101307,
      3.842832129755808e-05,
      0.0
    ],
    "AP_medium": [
      0.5125891026944119,
      0.44393958747354717,
      0.3768919823054195,
      0.31505422193184784,
      0.24848662463400983,
      0.18901848220201561,
      0.14457687974006023,
      0.10534156078495657,
      0.06368862424002675,
      0.012987877594576775
    ],
    "AP_large": [
      0.09420037210664914,
      0.08559031820349405,
      0.07796041442666066,
      0.06468217703846306,
      0.05621643569056622,
      0.051174365742614886,
      0.03905786489931039,
      0.03045036459333221,
      0.019752023347863697,
      0.004822436556220647
    ]
  },
  "AR_by_IoU_and_maxDets": {
    "IoUs": [
      0.5,
      0.55,
      0.6,
      0.65,
      0.7,
      0.75,
      0.8,
      0.85,
      0.9,
      0.95
    ],
    "AR@1_all": [
      0.03072143596824301,
      0.02968588194684156,
      0.029340697273041078,
      0.02744218156713842,
      0.024508111839834312,
      0.021574042112530202,
      0.019675526406627546,
      0.018639972385226095,
      0.016568864342423197,
      0.008284432171211598
    ],
    "AR@10_all": [
      0.27183293061788055,
      0.25336555056955473,
      0.2412840869865378,
      0.22316189161201241,
      0.20434932688988608,
      0.18225750776665517,
      0.15740421125302037,
      0.1354849844666897,
      0.10717984121505005,
      0.051432516396272006
    ],
    "AR@100_all": [
      0.7709699689333793,
      0.712115982050397,
      0.6389368312046945,
      0.5650673110113911,
      0.48394891266827755,
      0.4080082844321712,
      0.34138764238867797,
      0.2682084915429755,
      0.1824301001035554,
      0.07248878149810148
    ],
    "AR@100_S": [
      0.4517453798767967,
      0.4106776180698152,
      0.3655030800821355,
      0.31006160164271046,
      0.25256673511293637,
      0.1806981519507187,
      0.12320328542094455,
      0.07186858316221766,
      0.022587268993839837,
      0.0
    ],
    "AR@100_M": [
      0.7863844643246781,
      0.7268164957451451,
      0.6495745145101461,
      0.5775692777656557,
      0.49356316823041674,
      0.41413921012437266,
      0.34977089242854026,
      0.27405629500327294,
      0.19048658084224307,
      0.07615099279947632
    ],
    "AR@100_L": [
      0.8977900552486188,
      0.8232044198895028,
      0.755524861878453,
      0.6574585635359116,
      0.5787292817679558,
      0.5220994475138122,
      0.4350828729281768,
      0.3632596685082873,
      0.23895027624309392,
      0.09806629834254144
    ]
  },
  "cfg_refs": {
    "detector": "retinanet_r50_fpn",
    "min_size": 1536,
    "max_size": 1536,
    "box_score_thresh": 0.15,
    "box_nms_thresh": 0.5,
    "max_dets_eval": 300,
    "rpn_anchor_sizes": null,
    "rpn_anchor_ratios": null,
    "retinanet_anchor_sizes": [
      8,
      16,
      32,
      64,
      128,
      256
    ],
    "retinanet_anchor_aspect_ratios": [
      0.5,
      1.0,
      2.0,
      3.0
    ]
  }
}